platform,text,author,timestamp,engagement
reddit,"###2nd Test, South Africa tour of Pakistan at Rawalpindi

**Tournament** : [Table](https://www.cricinfo.com/series/South-Africa-in-Pakistan-1501888/2nd-Test-1501894/points-table-standings) | [Schedule",cricket-match,2025-10-22T09:00:54,72
reddit,"###1st Test, South Africa tour of Pakistan at Lahore

**Tournament** : [Table](https://www.cricinfo.com/series/South-Africa-in-Pakistan-1501888/1st-Test-1501893/points-table-standings) | [Schedule](ht",cricket-match,2025-10-14T09:00:54,59
reddit,"###1st Test, South Africa tour of Pakistan at Lahore

**Tournament** : [Table](https://www.cricinfo.com/series/South-Africa-in-Pakistan-1501888/1st-Test-1501893/points-table-standings) | [Schedule](ht",cricket-match,2025-10-15T14:12:55,137
reddit,"###1st Test, South Africa tour of Pakistan at Lahore

**Tournament** : [Table](https://www.espncricinfo.com/series/South Africa in Pakistan-23908/1st Test-1501893/points-table-standings) | [Schedule](",cricket-match,2025-10-13T17:42:59,23
reddit,"###12th Match, ICC Cricket World Cup at Ahmedabad

[Post Match](https://www.reddit.com/r/Cricket/comments/177r0bt/post_match_thread_pakistan_vs_india/) | [Cricinfo](http://www.espncricinfo.com/series/",CricketMatchBot,2023-10-14T12:34:57,2653
reddit,"###1st T20I, South Africa tour of Pakistan at Rawalpindi

[Cricinfo](http://www.cricinfo.com/series/1501888/game/1501895/) | [Reddit-Stream](https://reddit-stream.com/comments/1oi9f6r/)



|Innings|Sc",cricket-match,2025-10-28T19:00:54,66
reddit,"###1st Test, South Africa tour of Pakistan at Lahore

**Tournament** : [Table](https://www.cricinfo.com/series/South-Africa-in-Pakistan-1501888/1st-Test-1501893/points-table-standings) | [Schedule](ht",cricket-match,2025-10-12T09:00:55,79
reddit,"###2nd Test, South Africa tour of Pakistan at Rawalpindi

**Tournament** : [Table](https://www.cricinfo.com/series/South-Africa-in-Pakistan-1501888/2nd-Test-1501894/points-table-standings) | [Schedule",cricket-match,2025-10-21T09:00:54,59
reddit,"###2nd Match, ICC Cricket World Cup at Hyderabad

[Post Match](https://www.reddit.com/r/Cricket/comments/171frdv/post_match_thread_pakistan_vs_netherlands/) | [Cricinfo](http://www.espncricinfo.com/se",CricketMatchBot,2023-10-06T12:54:57,863
reddit,"###1st Test, South Africa tour of Pakistan at Lahore

**Tournament** : [Table](https://www.cricinfo.com/series/South-Africa-in-Pakistan-1501888/1st-Test-1501893/points-table-standings) | [Schedule](ht",cricket-match,2025-10-15T09:00:54,67
reddit,"###2nd Test, South Africa tour of Pakistan at Rawalpindi

**Tournament** : [Table](https://www.cricinfo.com/series/South-Africa-in-Pakistan-1501888/2nd-Test-1501894/points-table-standings) | [Schedule",cricket-match,2025-10-20T09:00:54,69
reddit,"###1st Test, South Africa tour of Pakistan at Lahore

**Tournament** : [Table](https://www.cricinfo.com/series/South-Africa-in-Pakistan-1501888/1st-Test-1501893/points-table-standings) | [Schedule](ht",cricket-match,2025-10-13T09:00:54,58
reddit,"###26th Match, ICC Cricket World Cup at Chennai

[Post Match](https://www.reddit.com/r/Cricket/comments/17hs99g/post_match_thread_pakistan_vs_south_africa/) | [Cricinfo](http://www.espncricinfo.com/se",CricketMatchBot,2023-10-27T12:59:46,692
reddit,"###1st T20I, South Africa tour of Pakistan at Rawalpindi

[Cricinfo](http://www.espncricinfo.com/series/23908/game/1501895/) | [Reddit-Stream](https://reddit-stream.com/comments/1oi9f94/)



Innings|S",cricket-match,2025-10-28T19:00:59,25
reddit,"###3rd ODI Match, Pakistan ODI Tri-Series, 2025

**Tournament** : | [Table](https://www.cricbuzz.com/cricket-series/8511/pakistan-odi-tri-series-2025/points-table) | [Fixtures](https://www.cricbuzz.co",CricketMatchBot,2025-02-12T13:35:54,155
reddit,"###2nd Test, South Africa tour of Pakistan at Rawalpindi

**Tournament** : [Table](https://www.cricinfo.com/series/South-Africa-in-Pakistan-1501888/2nd-Test-1501894/points-table-standings) | [Schedule",cricket-match,2025-10-23T09:00:54,37
reddit,"###1st Test, Pakistan tour of South Africa, 2024 -25

**Tournament** : | [Table](https://www.cricbuzz.com/cricket-series/8044/pakistan-tour-of-south-africa-2024--25/points-table) | [Fixtures](https://",CricketMatchBot,2024-12-29T12:33:50,193
reddit,"###1st Test, England tour of Pakistan, 2024

**Tournament** : | [Table](https://www.cricbuzz.com/cricket-series/8497/england-tour-of-pakistan-2024/points-table) | [Fixtures](https://www.cricbuzz.com/c",CricketMatchBot,2024-10-07T09:03:27,236
reddit,"###1st Test, Pakistan tour of South Africa, 2024 -25

**Tournament** : | [Table](https://www.cricbuzz.com/cricket-series/8044/pakistan-tour-of-south-africa-2024--25/points-table) | [Fixtures](https://",CricketMatchBot,2024-12-26T12:27:41,175
reddit,"###1st Test, England tour of Pakistan, 2024

**Tournament** : | [Table](https://www.cricbuzz.com/cricket-series/8497/england-tour-of-pakistan-2024/points-table) | [Fixtures](https://www.cricbuzz.com/c",CricketMatchBot,2024-10-09T09:02:30,226
reddit,"###2nd ODI, Pakistan tour of South Africa, 2024 -25

**Tournament** : | [Table](https://www.cricbuzz.com/cricket-series/8044/pakistan-tour-of-south-africa-2024--25/points-table) | [Fixtures](https://w",CricketMatchBot,2024-12-19T16:28:10,156
reddit,"###3rd ODI, Pakistan tour of South Africa, 2024 -25

**Tournament** : | [Table](https://www.cricbuzz.com/cricket-series/8044/pakistan-tour-of-south-africa-2024--25/points-table) | [Fixtures](https://w",CricketMatchBot,2024-12-22T16:21:55,146
reddit,"###1st T20I, Pakistan tour of South Africa, 2024 -25

**Tournament** : | [Table](https://www.cricbuzz.com/cricket-series/8044/pakistan-tour-of-south-africa-2024--25/points-table) | [Fixtures](https://",CricketMatchBot,2024-12-10T20:29:08,155
reddit,"###1st Test, South Africa tour of Pakistan at Lahore

**Tournament** : [Table](https://www.espncricinfo.com/series/South Africa in Pakistan-23908/1st Test-1501893/points-table-standings) | [Schedule](",cricket-match,2025-10-12T09:00:58,28
reddit,"###3rd Test, Pakistan tour of Australia at Sydney

[Cricinfo](http://www.espncricinfo.com/series/21399/game/1375844/) | [Reddit-Stream](https://www.reddit-stream.com/r/Cricket/comments/18x1xt7/match_t",CricketMatchBot,2024-01-03T03:39:01,389
reddit,"###2nd Test, Pakistan tour of South Africa, 2024 -25

**Tournament** : | [Table](https://www.cricbuzz.com/cricket-series/8044/pakistan-tour-of-south-africa-2024--25/points-table) | [Fixtures](https://",CricketMatchBot,2025-01-03T13:00:48,167
reddit,"###2nd T20I, Pakistan tour of South Africa, 2024 -25

**Tournament** : | [Table](https://www.cricbuzz.com/cricket-series/8044/pakistan-tour-of-south-africa-2024--25/points-table) | [Fixtures](https://",CricketMatchBot,2024-12-13T20:32:15,139
reddit,"###1st ODI, Pakistan tour of South Africa, 2024 -25

**Tournament** : | [Table](https://www.cricbuzz.com/cricket-series/8044/pakistan-tour-of-south-africa-2024--25/points-table) | [Fixtures](https://w",CricketMatchBot,2024-12-17T16:44:01,125
reddit,"###1st Test, Pakistan tour of South Africa, 2024 -25

**Tournament** : | [Table](https://www.cricbuzz.com/cricket-series/8044/pakistan-tour-of-south-africa-2024--25/points-table) | [Fixtures](https://",CricketMatchBot,2024-12-27T12:45:05,131
reddit,"###22nd Match, ICC Women's World Cup at Colombo

**Tournament** : [Table](https://www.cricinfo.com/series/ICC-Women's-World-Cup-1478193/22nd-Match-1490434/points-table-standings) | [Schedule](https://",cricket-match,2025-10-21T13:30:55,29
reddit,"###2nd Test, Pakistan tour of Australia at Melbourne

[Cricinfo](http://www.espncricinfo.com/series/21399/game/1375843/) | [Reddit-Stream](https://www.reddit-stream.com/r/Cricket/comments/18sct0p/matc",CricketMatchBot,2023-12-28T03:44:03,358
reddit,"###2nd Test, Pakistan tour of South Africa, 2024 -25

**Tournament** : | [Table](https://www.cricbuzz.com/cricket-series/8044/pakistan-tour-of-south-africa-2024--25/points-table) | [Fixtures](https://",CricketMatchBot,2025-01-05T12:57:59,136
reddit,"###2nd Test, Pakistan tour of Australia at Melbourne

[Cricinfo](http://www.espncricinfo.com/series/21399/game/1375843/) | [Reddit-Stream](https://www.reddit-stream.com/r/Cricket/comments/18qseky/matc",CricketMatchBot,2023-12-26T03:42:47,367
reddit,"###2nd ODI Match, Pakistan ODI Tri-Series, 2025

**Tournament** : | [Table](https://www.cricbuzz.com/cricket-series/8511/pakistan-odi-tri-series-2025/points-table) | [Fixtures](https://www.cricbuzz.co",CricketMatchBot,2025-02-10T08:39:49,82
reddit,"###2nd Test, Pakistan tour of South Africa, 2024 -25

**Tournament** : | [Table](https://www.cricbuzz.com/cricket-series/8044/pakistan-tour-of-south-africa-2024--25/points-table) | [Fixtures](https://",CricketMatchBot,2025-01-04T12:56:55,125
reddit,"###1st Test, Pakistan tour of South Africa, 2024 -25

**Tournament** : | [Table](https://www.cricbuzz.com/cricket-series/8044/pakistan-tour-of-south-africa-2024--25/points-table) | [Fixtures](https://",CricketMatchBot,2024-12-28T12:39:12,126
reddit,"###2nd Test, Pakistan tour of South Africa, 2024 -25

**Tournament** : | [Table](https://www.cricbuzz.com/cricket-series/8044/pakistan-tour-of-south-africa-2024--25/points-table) | [Fixtures](https://",CricketMatchBot,2025-01-06T13:06:41,114
reddit,"###2nd Test, Pakistan tour of Australia at Melbourne

[Cricinfo](http://www.espncricinfo.com/series/21399/game/1375843/) | [Reddit-Stream](https://www.reddit-stream.com/r/Cricket/comments/18rjmn4/matc",CricketMatchBot,2023-12-27T03:36:47,309
reddit,"###1st Match, Group A, Asia Cup at Multan

[Post Match](https://www.reddit.com/r/Cricket/comments/165ile0/post_match_thread_pakistan_vs_nepal/) | [Cricinfo](http://www.espncricinfo.com/series/8532/gam",CricketMatchBot,2023-08-30T13:56:38,366
reddit,"###1st Test, Pakistan tour of Australia at Perth

[Post Match](https://www.reddit.com/r/Cricket/comments/18kcv8u/post_match_thread_australia_vs_pakistan_day_4/) | [Cricinfo](http://www.espncricinfo.co",CricketMatchBot,2023-12-17T06:47:34,298
reddit,"###2nd Test, South Africa tour of Australia at Melbourne

[Cricinfo](http://www.espncricinfo.com/series/20740/game/1317493/) | [Reddit-Stream](https://www.reddit-stream.com/r/Cricket/comments/zv7u3t/m",CricketMatchBot,2022-12-26T03:33:21,487
reddit,"###36th Match, Group 2, ICC Men's T20 World Cup at Sydney

[Post Match](https://www.reddit.com/r/Cricket/comments/yl15cv/post_match_thread_pakistan_vs_south_africa/) | [Cricinfo](http://www.espncricin",CricketMatchBot,2022-11-03T12:29:07,487
reddit,"###1st Test, South Africa tour of Australia at Brisbane

[Cricinfo](http://www.espncricinfo.com/series/20740/game/1317492/) | [Reddit-Stream](https://www.reddit-stream.com/r/Cricket/comments/znrhre/ma",CricketMatchBot,2022-12-17T04:20:36,440
reddit,"###40th Match, Group 2, ICC Men's T20 World Cup at Adelaide

[Post Match](https://www.reddit.com/r/Cricket/comments/ynf9q5/post_match_thread_netherlands_vs_south_africa/) | [Cricinfo](http://www.espnc",CricketMatchBot,2022-11-06T04:14:31,448
reddit,"###2nd T20I, South Africa tour of India at Guwahati

[Post Match](https://www.reddit.com/r/Cricket/comments/xtuske/post_match_thread_india_vs_south_africa/) | [Cricinfo](http://www.espncricinfo.com/se",CricketMatchBot,2022-10-02T17:41:29,451
reddit,"###26th Match, ICC Cricket World Cup at Chennai

[Thread](https://www.reddit.com/r/Cricket/comments/17hi435/match_thread_26th_match_pakistan_vs_south_africa/) | [Cricinfo](http://www.espncricinfo.com/",CricketMatchBot,2023-10-27T22:35:19,432
reddit,"###1st T20I, South Africa tour of India at Thiruvananthapuram

[Post Match](https://www.reddit.com/r/Cricket/comments/xqhpw9/post_match_thread_south_africa_vs_india/) | [Cricinfo](http://www.espncrici",CricketMatchBot,2022-09-28T17:31:15,392
reddit,"###1st Test, South Africa tour of Australia at Brisbane

[Post Match](https://www.reddit.com/r/Cricket/comments/zosc7v/post_match_thread_south_africa_vs_australia_day_2/) | [Cricinfo](http://www.espnc",CricketMatchBot,2022-12-18T04:51:19,345
reddit,"###2nd Test, South Africa tour of Australia at Melbourne

[Cricinfo](http://www.espncricinfo.com/series/20740/game/1317493/) | [Reddit-Stream](https://www.reddit-stream.com/r/Cricket/comments/zvydp3/m",CricketMatchBot,2022-12-27T03:39:25,338
reddit,"###29th Match, Group 2, ICC Men's T20 World Cup at Perth

[Post Match](https://www.reddit.com/r/Cricket/comments/yhaskb/post_match_thread_netherlands_vs_pakistan/) | [Cricinfo](http://www.espncricinfo",CricketMatchBot,2022-10-30T11:47:31,351
reddit,"###3rd Test, South Africa tour of Australia at Sydney

[Cricinfo](http://www.espncricinfo.com/series/20740/game/1317494/) | [Reddit-Stream](https://www.reddit-stream.com/r/Cricket/comments/102kwpo/mat",CricketMatchBot,2023-01-04T03:32:11,316
reddit,"###2nd Test, South Africa tour of Australia at Melbourne

[Cricinfo](http://www.espncricinfo.com/series/20740/game/1317493/) | [Reddit-Stream](https://www.reddit-stream.com/r/Cricket/comments/zwrk2q/m",CricketMatchBot,2022-12-28T03:31:10,296
reddit,"###2nd T20I, South Africa tour of India at Cuttack

[Post Match](https://www.reddit.com/r/Cricket/comments/vaq58g/post_match_thread_india_vs_south_africa/) | [Cricinfo](http://www.espncricinfo.com/ser",CricketMatchBot,2022-06-12T18:30:21,377
reddit,,Different_Detail57,2025-10-23T11:36:12,91
reddit,,GiveMeSomeSunshine3,2025-10-23T13:13:36,271
reddit,"###3rd Test, South Africa tour of Australia at Sydney

[Cricinfo](http://www.espncricinfo.com/series/20740/game/1317494/) | [Reddit-Stream](https://www.reddit-stream.com/r/Cricket/comments/103ghhj/mat",CricketMatchBot,2023-01-05T03:31:44,276
reddit,"###2nd Test, South Africa tour of Pakistan at Rawalpindi

**Tournament** : [Table](https://www.espncricinfo.com/series/South Africa in Pakistan-23908/2nd Test-1501894/points-table-standings) | [Schedu",cricket-match,2025-10-22T10:33:58,10
reddit,"###1st Test, South Africa tour of Bangladesh, 2024

**Tournament** : | [Table](https://www.cricbuzz.com/cricket-series/9033/south-africa-tour-of-bangladesh-2024/points-table) | [Fixtures](https://www.",CricketMatchBot,2024-10-21T08:21:41,99
reddit,"###2nd Test, South Africa tour of Australia at Melbourne

[Post Match](https://www.reddit.com/r/Cricket/comments/zxvlfs/post_match_thread_south_africa_vs_australia_day_4/) | [Cricinfo](http://www.espn",CricketMatchBot,2022-12-29T03:42:14,250
reddit,"###1st ODI, Pakistan tour of Zimbabwe, 2024

**Tournament** : | [Table](https://www.cricbuzz.com/cricket-series/8494/pakistan-tour-of-zimbabwe-2024/points-table) | [Fixtures](https://www.cricbuzz.com/",CricketMatchBot,2024-11-24T11:59:58,98
reddit,"###3rd Test, Australia tour of Pakistan at Lahore

[Cricinfo](http://www.espncricinfo.com/series/20483/game/1288312/) | [Reddit-Stream](https://www.reddit-stream.com/r/Cricket/comments/tkl2jc/match_th",CricketMatchBot,2022-03-23T09:07:39,306
reddit,"###2nd Test, South Africa tour of Pakistan at Rawalpindi

**Tournament** : [Table](https://www.cricinfo.com/series/South-Africa-in-Pakistan-1501888/2nd-Test-1501894/points-table-standings) | [Schedule",cricket-match,2025-10-23T12:39:55,100
reddit,"###30th Match, Group 2, ICC Men's T20 World Cup at Perth

[Thread](https://www.reddit.com/r/Cricket/comments/yhami3/match_thread_30th_match_group_2_india_vs_south/) | [Cricinfo](http://www.espncricinf",CricketMatchBot,2022-10-30T20:06:42,349
reddit,"###1st Test, South Africa tour of Pakistan at Lahore

**Tournament** : [Table](https://www.espncricinfo.com/series/South Africa in Pakistan-23908/1st Test-1501893/points-table-standings) | [Schedule](",cricket-match,2025-10-14T10:33:58,14
reddit,"###18th Match, Group 1, ICC Men's T20 World Cup at Dubai

[Post Match](https://www.reddit.com/r/Cricket/comments/qg6i4c/post_match_thread_west_indies_vs_south_africa/) | [Cricinfo](http://www.espncric",CricketMatchBot,2021-10-26T14:32:30,319
reddit,"###26th Match, ICC Cricket World Cup at Chennai

[Cricinfo](http://www.espncricinfo.com/series/8039/game/1384417/) | [Reddit-Stream](https://www.reddit-stream.com/r/PakCricket/comments/17hi4qx/match_t",CricketMatchBot,2023-10-27T13:00:59,75
reddit,"###1st Test, Pakistan tour of Sri Lanka at Galle

[Cricinfo](http://www.espncricinfo.com/series/20818/game/1320953/) | [Reddit-Stream](https://www.reddit-stream.com/r/Cricket/comments/w2i0zq/match_thr",CricketMatchBot,2022-07-19T08:34:22,243
reddit,"###2nd T20I, Afghanistan v Pakistan at Sharjah

[Cricinfo](http://www.espncricinfo.com/series/21298/game/1362816/) | [Reddit-Stream](https://www.reddit-stream.com/r/Cricket/comments/122o8hw/match_thre",CricketMatchBot,2023-03-26T20:09:53,139
reddit,,TheRedDevil10,2025-01-05T21:47:53,360
reddit,"###3rd Test, South Africa tour of England at London

[Cricinfo](http://www.espncricinfo.com/series/20321/game/1276918/) | [Reddit-Stream](https://www.reddit-stream.com/r/Cricket/comments/xbdrqp/match_",CricketMatchBot,2022-09-11T14:35:37,164
reddit,"###2nd ODI, Pakistan tour of South Africa at Johannesburg

[Post Match](https://www.reddit.com/r/Cricket/comments/mjz9st/post_match_thread_south_africa_vs_pakistan/) | [Cricinfo](http://www.espncricin",CricketMatchBot,2021-04-04T12:08:31,279
reddit,"###1st ODI, Pakistan tour of South Africa at Centurion

[Post Match](https://www.reddit.com/r/Cricket/comments/minxje/post_match_thread_south_africa_vs_pakistan/) | [Cricinfo](http://www.espncricinfo.",CricketMatchBot,2021-04-02T12:02:45,291
reddit,"###1st ODI, Afghanistan vs South Africa at Sharjah

[Cricinfo](http://www.espncricinfo.com/series/1445815/game/1445818/) | [Reddit-Stream](https://www.reddit-stream.com/r/Cricket/comments/1fjq0bl/matc",CricketMatchBot,2024-09-18T16:31:14,94
reddit,"###2nd Test, Pakistan tour of Bangladesh at Dhaka

[Post Match](https://www.reddit.com/r/Cricket/comments/rbotzu/post_match_thread_pakistan_vs_bangladesh_day_5/) | [Cricinfo](http://www.espncricinfo.c",CricketMatchBot,2021-12-08T08:33:03,222
reddit,"###1st Test, South Africa tour of Pakistan at Lahore

**Tournament** : [Table](https://www.espncricinfo.com/series/South Africa in Pakistan-23908/1st Test-1501893/points-table-standings) | [Schedule](",cricket-match,2025-10-13T10:33:58,22
reddit,"###3rd Test, South Africa tour of Australia at Sydney

[Cricinfo](http://www.espncricinfo.com/series/20740/game/1317494/) | [Reddit-Stream](https://www.reddit-stream.com/r/Cricket/comments/104btbe/mat",CricketMatchBot,2023-01-06T03:38:41,156
reddit,"###3rd ODI, Pakistan tour of South Africa at Centurion

[Post Match](https://www.reddit.com/r/Cricket/comments/mm5mc0/post_match_thread_pakistan_vs_south_africa/) | [Cricinfo](http://www.espncricinfo.",CricketMatchBot,2021-04-07T12:33:09,249
reddit,"###30th Match, Group 1, ICC Men's T20 World Cup at Abu Dhabi

[Post Match](https://www.reddit.com/r/Cricket/comments/ql3opx/post_match_thread_bangladesh_vs_south_africa/) | [Cricinfo](http://www.espnc",CricketMatchBot,2021-11-02T14:25:24,241
reddit,"###1st Test, Pakistan tour of South Africa, 2024 -25

**Tournament** : | [Table](https://www.cricbuzz.com/cricket-series/8044/pakistan-tour-of-south-africa-2024--25/points-table) | [Fixtures](https://",CricketMatchBot,2024-12-29T16:57:45,169
reddit,"###3rd ODI, Pakistan tour of Zimbabwe, 2024

**Tournament** : | [Table](https://www.cricbuzz.com/cricket-series/8494/pakistan-tour-of-zimbabwe-2024/points-table) | [Fixtures](https://www.cricbuzz.com/",CricketMatchBot,2024-11-28T11:55:08,51
reddit,"###1st Test, Pakistan tour of Bangladesh at Chattogram

[Cricinfo](http://www.espncricinfo.com/series/20346/game/1277977/) | [Reddit-Stream](https://www.reddit-stream.com/r/Cricket/comments/r3tljz/mat",CricketMatchBot,2021-11-28T08:01:38,203
reddit,"###1st Test, ICC World Test Championship at Visakhapatnam, Oct 2-6 2019

**Tournament** : | [Table](http://www.espncricinfo.com/table/series/19430/season/2019/icc-world-test-championship) | [Fixtures]",CricketMatchBot,2019-10-02T07:42:16,310
reddit,"###2nd Test, Pakistan tour of Sri Lanka at Galle

[Cricinfo](http://www.espncricinfo.com/series/20818/game/1320954/) | [Reddit-Stream](https://www.reddit-stream.com/r/Cricket/comments/w6lhb3/match_thr",CricketMatchBot,2022-07-24T08:33:04,204
reddit,"###2nd Test, South Africa tour of Pakistan at Rawalpindi

**Tournament** : [Table](https://www.cricinfo.com/series/South-Africa-in-Pakistan-1501888/2nd-Test-1501894/points-table-standings) | [Schedule",cricket-match,2025-10-22T17:34:25,56
reddit,"###3rd T20I, Australia tour of South Africa at Durban

[Post Match](https://www.reddit.com/r/Cricket/comments/168zgsx/post_match_thread_south_africa_vs_australia/) | [Cricinfo](http://www.espncricinfo",CricketMatchBot,2023-09-03T16:39:19,76
reddit,,MedicalJello2,2024-12-24T17:11:41,240
reddit,"###3rd T20I, Pakistan tour of South Africa at Centurion

[Post Match](https://www.reddit.com/r/Cricket/comments/mqtgrp/post_match_thread_south_africa_vs_pakistan/) | [Cricinfo](http://www.espncricinfo",CricketMatchBot,2021-04-14T16:30:52,268
reddit,"###3rd ODI Match, Pakistan ODI Tri-Series, 2025

**Tournament** : | [Table](https://www.cricbuzz.com/cricket-series/8511/pakistan-odi-tri-series-2025/points-table) | [Fixtures](https://www.cricbuzz.co",CricketMatchBot,2025-02-12T22:49:04,163
reddit,,Dumbass1171,2025-10-14T01:17:23,1395
reddit,"###1st T20I, Pakistan tour of South Africa at Johannesburg

[Post Match](https://www.reddit.com/r/Cricket/comments/mo7l2k/post_match_thread_south_africa_vs_pakistan/) | [Cricinfo](http://www.espncrici",CricketMatchBot,2021-04-10T16:39:53,234
reddit,"###12th Match, ICC Cricket World Cup at Ahmedabad

[Cricinfo](http://www.espncricinfo.com/series/8039/game/1384403/) | [Reddit-Stream](https://www.reddit-stream.com/r/PakCricket/comments/177jpfc/match",CricketMatchBot,2023-10-14T12:36:09,40
reddit,"*India beat Pakistan by 89 runs (DLS Method)*

**India 336-5 (50 overs)**

Rohit 140 (113)

Kohli 77 (65)

Rahul 57 (78)

Amir 3-47 (10)


**Pakistan 212-6 (40 overs)** (Revised Target 302 in 40 overs",soham_katkar13,2019-06-16T23:57:43,479
reddit,"Finalists of World Cups:

Tests: New Zealand, India, Australia

ODIs: West Indies, Australia, England, India, Pakistan, Sri Lanka, New Zealand

T20Is: India, Pakistan, Sri Lanka, England, Australia, W",svscvbh,2024-06-25T10:39:10,347
reddit,"###Warm-up, ICC Men's T20 World Cup Warm-up Matches at Abu Dhabi

[Post Match](https://www.reddit.com/r/Cricket/comments/qc6gqh/post_match_thread_pakistan_vs_south_africa/) | [Cricinfo](http://www.esp",CricketMatchBot,2021-10-20T19:23:24,190
reddit,"###1st Test, South Africa tour of Pakistan at Lahore

**Tournament** : [Table](https://www.espncricinfo.com/series/South Africa in Pakistan-23908/1st Test-1501893/points-table-standings) | [Schedule](",cricket-match,2025-10-15T14:12:59,41
reddit,"###2nd Match, ICC Cricket World Cup at Hyderabad

[Cricinfo](http://www.espncricinfo.com/series/8039/game/1384393/) | [Reddit-Stream](https://www.reddit-stream.com/r/PakCricket/comments/17161ag/match_",CricketMatchBot,2023-10-06T12:56:08,26
reddit,"###2nd Test, Pakistan tour of Bangladesh at Dhaka

[Cricinfo](http://www.espncricinfo.com/series/20346/game/1277978/) | [Reddit-Stream](https://www.reddit-stream.com/r/Cricket/comments/raonqd/match_th",CricketMatchBot,2021-12-07T08:12:32,137
reddit,"###2nd ODI, Pakistan tour of South Africa, 2024 -25

**Tournament** : | [Table](https://www.cricbuzz.com/cricket-series/8044/pakistan-tour-of-south-africa-2024--25/points-table) | [Fixtures](https://w",CricketMatchBot,2024-12-19T16:29:22,18
reddit,"###2nd Test, South Africa tour of Pakistan at Rawalpindi

**Tournament** : [Table](https://www.espncricinfo.com/series/South Africa in Pakistan-23908/2nd Test-1501894/points-table-standings) | [Schedu",cricket-match,2025-10-23T10:42:58,11
reddit,"###4th T20I, Pakistan tour of South Africa at Centurion

[Post Match](https://www.reddit.com/r/Cricket/comments/ms6jb2/post_match_thread_south_africa_vs_pakistan/) | [Cricinfo](http://www.espncricinfo",CricketMatchBot,2021-04-16T16:44:30,190
reddit,"###3rd T20I, Pakistan tour of Zimbabwe, 2024

**Tournament** : | [Table](https://www.cricbuzz.com/cricket-series/8494/pakistan-tour-of-zimbabwe-2024/points-table) | [Fixtures](https://www.cricbuzz.com",CricketMatchBot,2024-12-05T16:03:40,52
reddit,"###2nd ODI, South Africa tour of Ireland at Dublin

[Post Match](https://www.reddit.com/r/Cricket/comments/ojkbcz/post_match_thread_ireland_vs_south_africa/) | [Cricinfo](http://www.espncricinfo.com/s",CricketMatchBot,2021-07-13T13:53:37,169
reddit,"###1st Test, Pakistan tour of Bangladesh at Chattogram

[Cricinfo](http://www.espncricinfo.com/series/20346/game/1277977/) | [Reddit-Stream](https://www.reddit-stream.com/r/Cricket/comments/r2cqtx/mat",CricketMatchBot,2021-11-26T08:03:19,165
reddit,"###36th Match, Group 2, ICC Men's T20 World Cup at Sydney

[Thread](https://www.reddit.com/r/Cricket/comments/ykusdl/match_thread_36th_match_group_2_pakistan_vs_south/) | [Cricinfo](http://www.espncri",CricketMatchBot,2022-11-03T17:42:48,223
reddit,"###2nd T20I, Pakistan tour of South Africa at Johannesburg

[Post Match](https://www.reddit.com/r/Cricket/comments/mpg7ra/post_match_thread_pakistan_vs_south_africa/) | [Cricinfo](http://www.espncrici",CricketMatchBot,2021-04-12T16:35:30,152
reddit,"###1st Test, South Africa tour of Pakistan at Lahore

**Tournament** : [Table](https://www.espncricinfo.com/series/South Africa in Pakistan-23908/1st Test-1501893/points-table-standings) | [Schedule](",cricket-match,2025-10-14T17:42:59,18
reddit,"###5th Match, Group A, Commonwealth Games Women's Cricket Competition at Birmingham

[Cricinfo](http://www.espncricinfo.com/series/20508/game/1289263/) | [Reddit-Stream](https://www.reddit-stream.com/",CricketMatchBot,2022-07-31T14:35:26,141
reddit,"###2nd ODI, Pakistan tour of South Africa, 2024 -25

**Tournament** : | [Table](https://www.cricbuzz.com/cricket-series/8044/pakistan-tour-of-south-africa-2024--25/points-table) | [Fixtures](https://w",CricketMatchBot,2024-12-20T01:26:56,145
reddit,"###3rd ODI (D/N), South Africa tour of Australia at Hobart, Nov 11 2018

[Cricinfo](http://www.espncricinfo.com/series/18684/game/1144988/Australia-vs-South-Africa-3rd-ODI/) | [Live Streams](https://w",CricinfoBot,2018-11-11T07:25:09,165
reddit,"###1st Test, Bangladesh tour of South Africa at Durban

[Cricinfo](http://www.espncricinfo.com/series/20329/game/1277100/) | [Reddit-Stream](https://www.reddit-stream.com/r/Cricket/comments/tsu3ni/mat",CricketMatchBot,2022-03-31T12:35:22,121
reddit,"###ICC Champions Trophy 2017, Match 7

[Cricinfo Link](http://www.espncricinfo.com/icc-champions-trophy-2017/engine/match/1022359.html) | [Live Streams](https://www.reddit.com/r/Cricket/wiki/livestrea",CricinfoBot,2017-06-07T17:00:57,203
reddit,"###2nd Test, Pakistan tour of Australia at Melbourne

[Cricinfo](http://www.espncricinfo.com/series/21399/game/1375843/) | [Reddit-Stream](https://www.reddit-stream.com/r/CricketAus/comments/18qsg8n/m",CricketMatchBot,2023-12-26T03:45:11,38
reddit,"###2nd ODI, Pakistan tour of Netherlands at Rotterdam

[Post Match](https://www.reddit.com/r/Cricket/comments/wrma2s/post_match_thread_netherlands_vs_pakistan/) | [Cricinfo](http://www.espncricinfo.co",CricketMatchBot,2022-08-18T13:43:49,91
reddit,"###2nd Test, Pakistan tour of Australia at Melbourne

[Cricinfo](http://www.espncricinfo.com/series/21399/game/1375843/) | [Reddit-Stream](https://www.reddit-stream.com/r/CricketAus/comments/18scv3w/m",CricketMatchBot,2023-12-28T03:46:27,31
reddit,"**World Championship of Legends 2025 Final at Edgbaston, Birmingham**

&#x200B;


| [Scorecard](https://m.cricbuzz.com/live-cricket-scores/125250/pakch-vs-sach-final-world-championship-of-legends-2025",MedicalJello2,2025-08-02T20:56:43,36
reddit,,TheRedDevil10,2025-01-04T22:00:05,239
reddit,,BATISTAS-DICK,2021-04-07T16:03:24,1211
reddit,"###1st Test, Pakistan tour of Australia at Perth

[Cricinfo](http://www.espncricinfo.com/series/21399/game/1375842/) | [Reddit-Stream](https://www.reddit-stream.com/r/CricketAus/comments/18k5sdy/match",CricketMatchBot,2023-12-17T06:49:58,24
reddit,"###3rd T20I, Pakistan tour of South Africa, 2024 -25

**Tournament** : | [Table](https://www.cricbuzz.com/cricket-series/8044/pakistan-tour-of-south-africa-2024--25/points-table) | [Fixtures](https://",CricketMatchBot,2024-12-14T20:35:55,56
reddit,"###1st Test, Bangladesh tour of South Africa at Durban

[Cricinfo](http://www.espncricinfo.com/series/20329/game/1277100/) | [Reddit-Stream](https://www.reddit-stream.com/r/Cricket/comments/tucu2q/mat",CricketMatchBot,2022-04-02T12:32:39,110
reddit,"###1st T20I, Pakistan tour of South Africa, 2024 -25

**Tournament** : | [Table](https://www.cricbuzz.com/cricket-series/8044/pakistan-tour-of-south-africa-2024--25/points-table) | [Fixtures](https://",CricketMatchBot,2024-12-11T01:35:50,107
reddit,"###1st Test, South Africa tour of Pakistan at Lahore

**Tournament** : [Table](https://www.espncricinfo.com/series/South Africa in Pakistan-23908/1st Test-1501893/points-table-standings) | [Schedule](",cricket-match,2025-10-15T10:33:58,10
reddit,"###2nd T20I, Pakistan tour of South Africa, 2024 -25

**Tournament** : | [Table](https://www.cricbuzz.com/cricket-series/8044/pakistan-tour-of-south-africa-2024--25/points-table) | [Fixtures](https://",CricketMatchBot,2024-12-13T20:33:26,14
reddit,"###2nd ODI (D/N), South Africa tour of Australia at Adelaide, Nov 9 2018

[Cricinfo](http://www.espncricinfo.com/series/18684/game/1144987/Australia-vs-South-Africa-2nd-ODI/) | [Live Streams](https://",CricinfoBot,2018-11-09T07:50:28,123
reddit,"###2nd Test, South Africa tour of Pakistan at Rawalpindi

**Tournament** : [Table](https://www.espncricinfo.com/series/South Africa in Pakistan-23908/2nd Test-1501894/points-table-standings) | [Schedu",cricket-match,2025-10-20T09:00:58,22
reddit,,xanfiles,2023-10-31T21:07:22,343
reddit,"###3rd ODI, Pakistan tour of South Africa, 2024 -25

**Tournament** : | [Table](https://www.cricbuzz.com/cricket-series/8044/pakistan-tour-of-south-africa-2024--25/points-table) | [Fixtures](https://w",CricketMatchBot,2024-12-22T16:23:07,27
reddit,"###2nd Test, South Africa tour of Pakistan at Rawalpindi

**Tournament** : [Table](https://www.espncricinfo.com/series/South Africa in Pakistan-23908/2nd Test-1501894/points-table-standings) | [Schedu",cricket-match,2025-10-22T17:33:59,11
reddit,In the aftermath of Asia Cup 2025 one thing is clear the chasm between India and rest of South Asia is quite wide. It is a bit concerning.  At one point cricket in South Asia was very competitive with,ImpressiveNeat9039,2025-10-08T22:40:57,158
reddit,"###2nd Test, South Africa tour of Pakistan at Rawalpindi

**Tournament** : [Table](https://www.cricinfo.com/series/South-Africa-in-Pakistan-1501888/2nd-Test-1501894/points-table-standings) | [Schedule",cricket-match,2025-10-20T17:33:55,44
reddit,South Africa win by 2 wickets,Downtown_Bat7013,2024-12-29T16:55:27,39
reddit,"###3rd Test, Pakistan tour of Australia at Sydney

[Cricinfo](http://www.espncricinfo.com/series/21399/game/1375844/) | [Reddit-Stream](https://www.reddit-stream.com/r/CricketAus/comments/18x2000/matc",CricketMatchBot,2024-01-03T03:41:25,23
reddit,"###3rd ODI, South Africa tour of Ireland at Dublin

[Post Match](https://www.reddit.com/r/Cricket/comments/ollkqq/post_match_thread_south_africa_vs_ireland/) | [Cricinfo](http://www.espncricinfo.com/s",CricketMatchBot,2021-07-16T14:07:36,96
reddit,"If we boycott the match, I think Pakistan will enter final. I guess India will play this time!",Narrow-Ad-8905,2025-07-30T07:07:21,101
reddit,"###1st T20I, South Africa tour of West Indies at St George's

[Post Match](https://www.reddit.com/r/Cricket/comments/o8jyu9/post_match_thread_south_africa_vs_west_indies/) | [Cricinfo](http://www.espn",CricketMatchBot,2021-06-26T22:45:26,107
reddit,"###21st Match, ICC Women's World Cup at Wellington

[Post Match](https://www.reddit.com/r/Cricket/comments/tjuv9n/post_match_thread_south_africa_women_vs_australia/) | [Cricinfo](http://www.espncricin",CricketMatchBot,2022-03-22T02:02:07,69
reddit,"###2nd Test, South Africa tour of Pakistan at Rawalpindi

**Tournament** : [Table](https://www.espncricinfo.com/series/South Africa in Pakistan-23908/2nd Test-1501894/points-table-standings) | [Schedu",cricket-match,2025-10-23T12:39:59,11
reddit,"###1st Test, South Africa tour of Pakistan at Lahore

**Tournament** : [Table](https://www.cricinfo.com/series/South-Africa-in-Pakistan-1501888/1st-Test-1501893/points-table-standings) | [Schedule](ht",cricket-match,2025-10-14T17:39:55,56
reddit,"###1st ODI, Pakistan Women tour of England at Derby

[Cricinfo](http://www.espncricinfo.com/series/22146/game/1398271/) | [Reddit-Stream](https://www.reddit-stream.com/r/Cricket/comments/1cypulc/match",CricketMatchBot,2024-05-23T16:18:00,25
reddit,"###22nd Match, ICC Women's World Cup at Colombo

**Tournament** : [Table](https://www.cricinfo.com/series/ICC-Women's-World-Cup-1478193/22nd-Match-1490434/points-table-standings) | [Schedule](https://",cricket-match,2025-10-21T23:09:55,25
reddit,"###Only T20I (N), South Africa tour of Australia at Carrara, Nov 17 2018

[Cricinfo](http://www.espncricinfo.com/series/18683/game/1144989/Australia-vs-South-Africa-Only-T20I/) | [Live Streams](https:",CricinfoBot,2018-11-17T12:56:24,85
reddit,"This is the first of a series of threads exploring the scenarios for all the teams that are contending for a WTC Final spot. Apart from the scenarios, I’ll also be giving my analysis on each team’s sc",Oreki_san,2022-03-01T08:34:42,551
reddit,"Bot is dead

South Africa won the toss and elected to bat first.

South Africa (Playing Xl): Reeza Hendricks, Hashim Amla, Rassie van der Dussen, Faf Du Plessis (c), David Miller, Heinrich Klassen (wk",sledgerrr,2019-01-19T16:18:31,127
reddit,"###1st Test, South Africa tour of Bangladesh, 2024

**Tournament** : | [Table](https://www.cricbuzz.com/cricket-series/9033/south-africa-tour-of-bangladesh-2024/points-table) | [Fixtures](https://www.",CricketMatchBot,2024-10-24T08:14:54,53
reddit,"###2nd Test, Pakistan tour of Australia at Melbourne

[Cricinfo](http://www.espncricinfo.com/series/21399/game/1375843/) | [Reddit-Stream](https://www.reddit-stream.com/r/CricketAus/comments/18rjome/m",CricketMatchBot,2023-12-27T03:39:12,25
reddit,,Ghostly_100,2025-09-16T19:45:40,154
reddit,"###1st Test, Pakistan tour of South Africa at Centurion, Dec 26-30 2018

[Cricinfo](http://www.espncricinfo.com/series/18648/game/1144153/South-Africa-vs-Pakistan-1st-Test/) | [Live Streams](https://w",CricinfoBot,2018-12-26T12:30:59,116
reddit,"###2nd ODI Match, Pakistan ODI Tri-Series, 2025

**Tournament** : | [Table](https://www.cricbuzz.com/cricket-series/8511/pakistan-odi-tri-series-2025/points-table) | [Fixtures](https://www.cricbuzz.co",CricketMatchBot,2025-02-10T17:54:43,50
reddit,"South Africa vs Pakistan at Kingsmead, Durban",CricinfoBot,2019-01-22T15:32:57,120
reddit,"This post consists of 2 sections:

I. An overview of the mathematically eliminated teams and their highest possible finish in the WTC points table.

II. A comprehensive breakdown of every scenario for",Oreki_san,2023-01-08T11:53:18,307
reddit,"###2nd Test, South Africa tour of Pakistan at Rawalpindi

**Tournament** : [Table](https://www.espncricinfo.com/series/South Africa in Pakistan-23908/2nd Test-1501894/points-table-standings) | [Schedu",cricket-match,2025-10-21T10:36:58,10
reddit,"###1st ODI, Pakistan tour of South Africa, 2024 -25

**Tournament** : | [Table](https://www.cricbuzz.com/cricket-series/8044/pakistan-tour-of-south-africa-2024--25/points-table) | [Fixtures](https://w",CricketMatchBot,2024-12-17T16:45:12,23
reddit,"###3rd ODI, Pakistan tour of South Africa, 2024 -25

**Tournament** : | [Table](https://www.cricbuzz.com/cricket-series/8044/pakistan-tour-of-south-africa-2024--25/points-table) | [Fixtures](https://w",CricketMatchBot,2024-12-23T02:28:13,106
reddit,"###1st Test, Pakistan tour of South Africa at Centurion, Dec 26-30 2018

[Cricinfo](http://www.espncricinfo.com/series/18648/game/1144153/South-Africa-vs-Pakistan-1st-Test/) | [Live Streams](https://w",CricinfoBot,2018-12-27T12:30:57,124
reddit,[Cricbuzz](https://www.cricbuzz.com/live-cricket-scores/20210/rsa-vs-pak-1st-t20i-pakistan-tour-of-south-africa-2018-19),mit_the_enchanter,2019-02-01T21:15:25,109
reddit,[https://www.espncricinfo.com/story/south-africa-prepare-for-spin-slaught-in-test-series-in-pakistan-1505885](https://www.espncricinfo.com/story/south-africa-prepare-for-spin-slaught-in-test-series-in,Spirited-Command-839,2025-10-06T19:33:37,36
reddit,"###18th Match (N), Big Bash League at Geelong, Jan 3 2019

**Tournament** : | [Table](http://www.espncricinfo.com/table/series/8044/season/2018/big-bash-league) | [Fixtures](http://www.espncricinfo.co",CricinfoBot,2019-01-03T12:52:22,61
reddit,,Oreki_san,2024-02-07T11:13:40,272
reddit,"###2nd T20I, PAK tour of SA, 2018-19 at The Wanderers Stadium

**Tournament** : | [Table](https://www.cricbuzz.com/cricket-series/2691/pakistan-tour-of-south-africa-2018-19/points-table) | [Fixtures](",CricketMatchBot,2019-02-03T17:08:40,70
reddit,"###1st Test, South Africa tour of Pakistan at Lahore

**Tournament** : [Table](https://www.espncricinfo.com/series/South Africa in Pakistan-23908/1st Test-1501893/points-table-standings) | [Schedule](",cricket-match,2025-10-12T17:45:59,30
reddit,"###3rd ODI (D/N), Pakistan tour of South Africa at Centurion, Jan 25 2019

[Cricinfo](http://www.espncricinfo.com/series/18647/game/1144158/South-Africa-vs-Pakistan-3rd-ODI/) | [Live Streams](https://",CricinfoBot,2019-01-25T15:37:13,99
reddit,"###2nd Test, Pakistan tour of South Africa at Cape Town, Jan 3-7 2019

[Cricinfo](http://www.espncricinfo.com/series/18648/game/1144154/South-Africa-vs-Pakistan-2nd-Test/) | [Live Streams](https://www",CricinfoBot,2019-01-05T13:08:10,103
reddit,"###2nd Test, Pakistan tour of South Africa at Cape Town, Jan 3-7 2019

[Cricinfo](http://www.espncricinfo.com/series/18648/game/1144154/South-Africa-vs-Pakistan-2nd-Test/) | [Live Streams](https://www",CricinfoBot,2019-01-04T13:01:25,153
reddit,,VastCryptographer980,2024-12-23T03:44:06,748
reddit,Speak up ,phaintaa_Shoaib,2025-08-02T22:11:08,10
reddit,"###2nd Test, Pakistan tour of South Africa at Cape Town, Jan 3-7 2019

[Cricinfo](http://www.espncricinfo.com/series/18648/game/1144154/South-Africa-vs-Pakistan-2nd-Test/) | [Live Streams](https://www",CricinfoBot,2019-01-03T13:00:24,92
reddit,South Africa win by 11 runs,Ghostly_100,2024-12-11T01:35:17,28
reddit,"This is the 8th edition of my WTC Analysis post which explores the scenarios for all the teams that are contending for a WTC Final spot.

Just like before, I’ll be giving the scenarios and my analysis",Oreki_san,2022-12-12T13:58:02,271
reddit,"###1st Test, South Africa tour of Pakistan at Lahore

**Tournament** : [Table](https://www.cricinfo.com/series/South-Africa-in-Pakistan-1501888/1st-Test-1501893/points-table-standings) | [Schedule](ht",cricket-match,2025-10-12T17:45:55,57
reddit,"###1st Test, South Africa tour of Pakistan at Lahore

**Tournament** : [Table](https://www.cricinfo.com/series/South-Africa-in-Pakistan-1501888/1st-Test-1501893/points-table-standings) | [Schedule](ht",cricket-match,2025-10-13T17:42:55,44
reddit,"###2nd Test, South Africa tour of Pakistan at Rawalpindi

**Tournament** : [Table](https://www.espncricinfo.com/series/South Africa in Pakistan-23908/2nd Test-1501894/points-table-standings) | [Schedu",cricket-match,2025-10-20T17:33:59,8
reddit,,Ghostly_100,2025-02-11T23:05:19,89
reddit,"###3rd Test, Pakistan tour of South Africa at Johannesburg, Jan 11-15 2019

[Cricinfo](http://www.espncricinfo.com/series/18648/game/1144155/South-Africa-vs-Pakistan-3rd-Test/) | [Live Streams](https:",CricinfoBot,2019-01-13T12:30:39,77
reddit,"###5th Test, India tour of Australia, 2024-25

**Tournament** : | [Table](https://www.cricbuzz.com/cricket-series/7745/india-tour-of-australia-2024-25/points-table) | [Fixtures](https://www.cricbuzz.c",CricketMatchBot,2025-01-03T03:34:13,798
reddit,"###2nd Test, South Africa tour of Pakistan at Rawalpindi

**Tournament** : [Table](https://www.cricinfo.com/series/South-Africa-in-Pakistan-1501888/2nd-Test-1501894/points-table-standings) | [Schedule",cricket-match,2025-10-21T17:36:55,38
reddit,South Africa win by 7 wickets ,Ghostly_100,2024-12-14T01:21:58,26
reddit,,MedicalJello2,2024-12-18T16:04:49,108
reddit,"###1st T20I, Pakistan tour of South Africa, 2024 -25

**Tournament** : | [Table](https://www.cricbuzz.com/cricket-series/8044/pakistan-tour-of-south-africa-2024--25/points-table) | [Fixtures](https://",CricketMatchBot,2024-12-10T20:30:20,14
reddit,,MedicalJello2,2025-02-05T14:24:46,100
reddit,"###3rd T20I, PAK tour of SA, 2018-19 at SuperSport Park

**Tournament** : | [Table](https://www.cricbuzz.com/cricket-series/2691/pakistan-tour-of-south-africa-2018-19/points-table) | [Fixtures](https:",CricketMatchBot,2019-02-06T20:39:20,79
reddit,"###3rd Test, Pakistan tour of South Africa at Johannesburg, Jan 11-15 2019

[Cricinfo](http://www.espncricinfo.com/series/18648/game/1144155/South-Africa-vs-Pakistan-3rd-Test/) | [Live Streams](https:",CricinfoBot,2019-01-12T12:30:17,80
reddit,"###13th Match, ICC Women's World Cup at Mount Maunganui

[Cricinfo](http://www.espncricinfo.com/series/8584/game/1243919/) | [Reddit-Stream](https://www.reddit-stream.com/r/Cricket/comments/tdkaf7/mat",CricketMatchBot,2022-03-14T05:36:19,35
reddit,"###1st ODI, Pakistan tour of South Africa, 2024 -25

**Tournament** : | [Table](https://www.cricbuzz.com/cricket-series/8044/pakistan-tour-of-south-africa-2024--25/points-table) | [Fixtures](https://w",CricketMatchBot,2024-12-18T01:15:26,116
reddit,"**Pakistan won the toss and decided to bat**


**Pakistan** : 308/7 | H Sohail 89(59), B Azam 69(80) | L Ngidi 3/64, I Tahir 2/41

**SA** : 259/9 | du Plessis 63(79), de Kock 47(60) | W Riaz 3/46, S K",naughty_ningen,2019-06-23T23:01:51,214
reddit,"###1st Test, Pakistan tour of South Africa at Centurion, Dec 26-28 2018

[Cricinfo](http://www.espncricinfo.com/series/18648/game/1144153/South-Africa-vs-Pakistan-1st-Test/) | [Live Streams](https://w",CricinfoBot,2018-12-28T12:30:00,73
reddit,"###1st ODI, Pakistan tour of Zimbabwe, 2024

**Tournament** : | [Table](https://www.cricbuzz.com/cricket-series/8494/pakistan-tour-of-zimbabwe-2024/points-table) | [Fixtures](https://www.cricbuzz.com/",CricketMatchBot,2024-11-24T12:01:09,19
reddit,"
###2nd Test, South Africa tour of Pakistan at Rawalpindi

**Tournament** : [Table](https://www.cricinfo.com/series/South-Africa-in-Pakistan-1501888/2nd-Test-1501894/points-table-standings) | [Schedul",Ghostly_100,2025-10-23T10:34:31,13
reddit,"###4th Test, India tour of Australia, 2024-25

**Tournament** : | [Table](https://www.cricbuzz.com/cricket-series/7745/india-tour-of-australia-2024-25/points-table) | [Fixtures](https://www.cricbuzz.c",CricketMatchBot,2024-12-29T03:44:22,691
reddit,"**Toss:** India, elected to bat.

**Result:** India won by an innings and 137 runs.

**Player of the Match:** Virat Kohli

**South Africa XI:** Dean Elgar, Aiden Markram, Theunis de Bruyn, Temba Bavum",flabbyboggart,2019-10-13T15:06:50,165
reddit,"###5th Test, India tour of Australia, 2024-25

**Tournament** : | [Table](https://www.cricbuzz.com/cricket-series/7745/india-tour-of-australia-2024-25/points-table) | [Fixtures](https://www.cricbuzz.c",CricketMatchBot,2025-01-04T03:46:12,677
reddit,"###2nd ODI, South Africa Women tour of Pakistan at Lahore

[Cricinfo](http://www.cricinfo.com/series/23887/game/1500388/) | [Reddit-Stream](https://reddit-stream.com/comments/1nky18q/)



|Innings|Sco",cricket-match,2025-09-19T14:00:55,15
reddit,"###4th Test, India tour of Australia, 2024-25

**Tournament** : | [Table](https://www.cricbuzz.com/cricket-series/7745/india-tour-of-australia-2024-25/points-table) | [Fixtures](https://www.cricbuzz.c",CricketMatchBot,2024-12-26T03:34:43,690
reddit,"###2nd T20I, Pakistan tour of South Africa, 2024 -25

**Tournament** : | [Table](https://www.cricbuzz.com/cricket-series/8044/pakistan-tour-of-south-africa-2024--25/points-table) | [Fixtures](https://",CricketMatchBot,2024-12-14T01:22:33,69
reddit,"# 20th Match, Group D - Bangi - Australia v Nepal

[Cricinfo Link](https://www.espncricinfo.com/series/icc-women-s-under-19-t20-world-cup-2024-25-1447902/australia-women-under-19s-vs-nepal-women-under",CarnivalSorts,2025-01-22T11:15:32,14
reddit,,Not_So_Ideal_Guy,2024-12-09T15:21:39,71
reddit,"###2nd ODI, Pakistan tour of South Africa at Johannesburg

[Thread](https://www.reddit.com/r/Cricket/comments/mjqvvz/match_thread_2nd_odi_south_africa_vs_pakistan/) | [Cricinfo](http://www.espncricinf",CricketMatchBot,2021-04-04T21:45:47,133
reddit,"###1st Test, Pakistan tour of South Africa, 2024 -25

**Tournament** : | [Table](https://www.cricbuzz.com/cricket-series/8044/pakistan-tour-of-south-africa-2024--25/points-table) | [Fixtures](https://",CricketMatchBot,2024-12-26T12:28:53,17
reddit,"###4th Test, India tour of Australia, 2024-25

**Tournament** : | [Table](https://www.cricbuzz.com/cricket-series/7745/india-tour-of-australia-2024-25/points-table) | [Fixtures](https://www.cricbuzz.c",CricketMatchBot,2024-12-27T03:39:23,629
reddit,"###1st Test, South Africa Tour of Sri Lanka at Galle, Jul 12-16 2018

[Cricinfo](http://www.espncricinfo.com/series/18628/game/1142581/Sri-Lanka-vs-South-Africa-1st-Test/) | [Live Streams](https://www",CricinfoBot,2018-07-13T09:06:06,67
reddit,Pakistan wins by 81 runs,Ghostly_100,2024-12-20T01:24:25,32
reddit,"###2nd Test, South Africa tour of Pakistan at Rawalpindi

**Tournament** : [Table](https://www.espncricinfo.com/series/South Africa in Pakistan-23908/2nd Test-1501894/points-table-standings) | [Schedu",cricket-match,2025-10-21T17:36:59,7
reddit,"*New Zealand opt to bat*


**Where**: Gaddafi Stadium, Lahore, Pakistan 


**When**: March 05, 2025, 10PM NZ Time 


**Lineups**

South Africa (Playing XI): Ryan Rickelton, Temba Bavuma(c), Rassie van",sahibosaurus,2025-03-05T13:58:47,8
reddit,"###Only Test, England Women tour of South Africa, 2024

**Tournament** : | [Table](https://www.cricbuzz.com/cricket-series/8060/england-women-tour-of-south-africa-2024/points-table) | [Fixtures](https",CricketMatchBot,2024-12-17T12:30:40,11
reddit,"###4th Test, India tour of Australia, 2024-25

**Tournament** : | [Table](https://www.cricbuzz.com/cricket-series/7745/india-tour-of-australia-2024-25/points-table) | [Fixtures](https://www.cricbuzz.c",CricketMatchBot,2024-12-28T03:42:17,568
reddit,"###Match Summary:

[>>>Link<<<] (http://www.espncricinfo.com/icc-cricket-world-cup-2015/engine/match/656455.html)

",HuzaifaElahi,2015-03-07T14:04:35,132
reddit,"**Toss:** India, elected to bat.

**Result:** India won by 203 runs.

**Player of the Match:** Rohit Sharma

**South Africa XI:** Aiden Markram, Dean Elgar, Theunis de Bruyn, Temba Bavuma, Faf du Ples",flabbyboggart,2019-10-06T13:51:07,208
reddit,"###2nd Test, South Africa Tour of Sri Lanka at Colombo, Jul 20-24 2018

[Cricinfo](http://www.espncricinfo.com/series/18628/game/1142582/Sri-Lanka-vs-South-Africa-2nd-Test/) | [Live Streams](https://w",CricinfoBot,2018-07-22T09:06:37,38
reddit,"Hello, to all the cricket fans on this sub. Every time a world cup rolls around, the first thing that broadcasters start hyping is India vs Pakistan clash. 'Clash of Titans', 'Mauka Mauka' etc, this o",137thofhisname,2024-06-25T17:46:24,47
reddit,"We are pitting South American countries like Argentina, Bolivia, Brazil, Chile, Colombia, Ecuador, Guyana, Paraguay, Peru, Suriname, Uruguay, and Venezuela 

Against South Asia, which is India, Pakist",Indie--,2025-10-19T23:05:01,3
reddit,"###3rd Test, Pakistan tour of South Africa at Johannesburg, Jan 11-15 2019

[Cricinfo](http://www.espncricinfo.com/series/18648/game/1144155/South-Africa-vs-Pakistan-3rd-Test/) | [Live Streams](https:",CricinfoBot,2019-01-14T12:31:24,110
reddit,"###3rd ODI, Afghanistan vs South Africa at Sharjah

[Cricinfo](http://www.espncricinfo.com/series/1445815/game/1445820/) | [Reddit-Stream](https://www.reddit-stream.com/r/Cricket/comments/1fmqp94/matc",CricketMatchBot,2024-09-22T16:34:40,23
reddit,"###19th Match, Group 2, ICC Women's T20 World Cup at Cape Town

[Cricinfo](http://www.espncricinfo.com/series/8634/game/1338058/) | [Reddit-Stream](https://www.reddit-stream.com/r/Cricket/comments/118",CricketMatchBot,2023-02-21T17:05:19,31
reddit,,xanfiles,2023-11-04T22:53:50,156
reddit,Pakistan win by 3 wickets ,Ghostly_100,2024-12-18T01:14:50,28
reddit,,InboxGhost,2025-10-01T16:15:18,6
reddit,"###22nd Match, ICC Women's World Cup at Colombo

**Tournament** : [Table](https://www.espncricinfo.com/series/ICC Women's World Cup-8584/22nd Match-1490434/points-table-standings) | [Schedule](https:/",cricket-match,2025-10-21T23:10:00,5
reddit,"###3rd ODI, South Africa Women tour of Pakistan at Lahore

[Cricinfo](http://www.cricinfo.com/series/1500381/game/1500389/) | [Reddit-Stream](https://reddit-stream.com/comments/1nnhejb/)



|Innings|S",cricket-match,2025-09-22T14:30:54,6
reddit,"###1st Test, South Africa tour of New Zealand at Christchurch

[Thread](https://www.reddit.com/r/Cricket/comments/svrr5e/match_thread_1st_test_south_africa_vs_new_zealand/) | [Cricinfo](http://www.esp",CricketMatchBot,2022-02-19T06:08:09,94
reddit,"This is the 6th edition of my WTC Analysis post which explores the scenarios for all the teams that are contending for a WTC Final spot.

Just like before, I’ll be giving the scenarios and my analysis",Oreki_san,2022-07-28T13:40:57,267
reddit,,MedicalJello2,2024-12-12T15:50:41,95
reddit,"###1st Test, Pakistan tour of South Africa, 2024 -25

**Tournament** : | [Table](https://www.cricbuzz.com/cricket-series/8044/pakistan-tour-of-south-africa-2024--25/points-table) | [Fixtures](https://",CricketMatchBot,2024-12-28T12:40:23,7
reddit,"###2nd Test, South Africa Tour of Sri Lanka at Colombo, Jul 20-24 2018

[Cricinfo](http://www.espncricinfo.com/series/18628/game/1142582/Sri-Lanka-vs-South-Africa-2nd-Test/) | [Live Streams](https://w",CricinfoBot,2018-07-20T09:02:04,36
reddit,So India Legends apparently *forfeited* their match just because Afridi was playing for Pakistan Legends. They told the organizers they’d only come to the ground if Afridi was removed from the lineup.,im_peacock,2025-07-26T13:42:17,3
reddit,"###1st ODI, South Africa Women tour of Pakistan at Lahore

[Cricinfo](http://www.espncricinfo.com/series/23887/game/1500387/) | [Reddit-Stream](https://reddit-stream.com/comments/1nicbja/)



|Innings",cricket-match,2025-09-16T14:30:56,7
reddit,"###1st T20I, South Africa tour of Pakistan at Rawalpindi

[Cricinfo](http://www.cricinfo.com/series/1501888/game/1501895/) | [Reddit-Stream](https://reddit-stream.com/comments/1oi9f60/)



|Innings|Sc",cricket-match,2025-10-28T19:00:53,5
reddit,"###1st Test, Pakistan tour of South Africa, 2024 -25

**Tournament** : | [Table](https://www.cricbuzz.com/cricket-series/8044/pakistan-tour-of-south-africa-2024--25/points-table) | [Fixtures](https://",CricketMatchBot,2024-12-27T12:46:17,6
reddit,"###1st ODI, Pakistan tour of England at Cardiff

[Thread](https://www.reddit.com/r/Cricket/comments/og4wpk/match_thread_1st_odi_england_vs_pakistan/) | [Cricinfo](http://www.espncricinfo.com/series/19",CricketMatchBot,2021-07-08T22:14:47,128
reddit,It seems like we tend to ignore how many chances Rizwan is missing behind the stumps. Will SA chase the score?,ImperfectZama,2025-10-15T11:32:42,0
reddit,Watch PAK vs SA 1st T20 Live Free download the app here https://play.google.com/store/apps/details?id=com.opencricket.OpenCricket,urishabh,2025-10-28T20:24:46,1
reddit,"[Prediction: South Africa VS Pakistan 2025-10-28 ](https://preview.redd.it/78bwwxi9nuxf1.jpg?width=1024&format=pjpg&auto=webp&s=16f07f9d07c19ec71f7640482fecb56b36f0760d)

by [https://www.gptsportswrit",GPTSportsWriter,2025-10-28T18:20:36,1
reddit,,TheLegendDaddy27,2021-04-08T11:26:06,138
reddit,,ImperfectZama,2025-10-15T11:42:15,1
reddit,This post contains content not supported on old Reddit. [Click here to view the full post](https://sh.reddit.com/r/cricketworldcup/comments/1oc7wnh),cricket-app,2025-10-21T14:30:23,2
reddit,"###3rd ODI, South Africa Women tour of Pakistan at Lahore

[Thread](https://www.reddit.com/r/PakCricket/comments/1nnhela/match_thread_3rd_odi_pakistan_women_vs_south/) | [Cricinfo](http://www.espncric",cricket-match,2025-09-22T20:12:59,15
reddit,"###1st Test, The Ashes at Brisbane

[Cricinfo](http://www.espncricinfo.com/series/20175/game/1263462/) | [Reddit-Stream](https://www.reddit-stream.com/r/Cricket/comments/rbbi9e/match_thread_1st_test_a",CricketMatchBot,2021-12-08T04:07:24,1872
reddit,"[Cricinfo](http://www.espncricinfo.com/icc-world-twenty20-2012/engine/current/match/533295.html)

[Streams](http://www.wiziwig.tv/broadcast.php?matchid=172847&part=sports)

Scenarios for India:

If In",rahulthewall,2012-10-02T18:50:21,22
reddit,"https://preview.redd.it/imz22r35ew7f1.png?width=587&format=png&auto=webp&s=44a8b816644948de52c5a5daba74d904666725d0

New Zealand and England did it in their series. Australia and West Indies have done",Prudent-Message-2562,2025-06-19T20:30:58,13
reddit,"1st Test, Lahore, October 12 - 16, 2025, [South Africa tour of Pakistan](https://www.espncricinfo.com/series/south-africa-in-pakistan-2025-26-1501888)

Live

Pakistan vs South Africa, 1st Test

South ",ifrgotmyname,2025-10-13T13:14:22,4
reddit,"###2nd ODI, South Africa Women tour of Pakistan at Lahore

[Post Match](https://www.reddit.com/r/PakCricket/comments/1nlbcwh/post_match_thread_2nd_odi_south_africa_women_vs/) | [Cricinfo](http://www.e",cricket-match,2025-09-19T14:00:58,6
reddit,"###1st ODI, South Africa Women tour of Pakistan at Lahore

[Thread](https://www.reddit.com/r/PakCricket/comments/1nicbkd/match_thread_1st_odi_pakistan_women_vs_south/) | [Cricinfo](http://www.espncric",cricket-match,2025-09-16T23:18:59,7
reddit,,Shroft,2025-09-17T13:04:35,11
news,Pakistan and South Africa clash in the 1st T20I at Rawalpindi as Babar Azam and Salman Agha lead a full-strength Pakistan against Donovan Ferreira’s youthful Proteas in a high-scoring thriller — here’,N/A,2025-10-28T05:20:43Z,0
news,"The three-match T20I series between Pakistan and South Africa kicks off today in Rawalpindi. For the home side, the spotlight is firmly on the return of star batter Babar Azam to the T20I setup.",N/A,2025-10-28T04:59:20Z,0
news,"Babar Azam returns to T20I action as Pakistan face an injury-hit South Africa in the 1st T20I at Rawalpindi — here’s when, where, and how to watch the live streaming of PAK vs SA 2025.",N/A,2025-10-28T04:41:55Z,0
news,"Here’s everything you need to know about when and where to watch the Pakistan vs South Africa 1st T20I, as Babar Azam marks his comeback to shortest format. | Cricket",N/A,2025-10-28T02:09:08Z,0
news,"PAK take on RSA in the 1st T20I of the three-match T20I series at the Rawalpindi Cricket Stadium on October 28. Check the live streaming, squads, timings and other details for the Pakistan Vs South Af",N/A,2025-10-27T19:22:34Z,0
news,Pakistan (PAK) vs South Africa (SA) 1st T20I Match Live Cricket Score Streaming Online:,N/A,2025-10-27T17:48:42Z,0
news,"Babar Azam has been brought into the T20I side after last playing the format in December 2024. While Babar is back for Pakistan, Quinton de Kock has recently returned to international cricket, having ",N/A,2025-10-27T15:52:28Z,0
news,"Babar Azam returns for Pakistan's T20I series vs South Africa, aiming to break Rohit Sharma and Virat Kohli's records at Rawalpindi Cricket Stadium.",N/A,2025-10-27T13:44:54Z,0
news,"Pakistan T20I captain Salman Ali Agha previews the South Africa series, highlighting squad balance, key players like Babar Azam, and upcoming matches in Lahore.",N/A,2025-10-27T10:49:21Z,0
news,"Babar Azam is set to return to Pakistan’s T20I team, batting at number three against South Africa. This move aims to strengthen Pakistan’s top order ahead of the T20 World Cup 2026.",N/A,2025-10-27T09:21:24Z,0
